{
  "best_params": {
    "fast_window": 38,
    "slow_window": 66,
    "atr_multiplier": 1.0
  },
  "best_value": -0.6505564228024724,
  "Best Params Stats": {
    "cash": 9160.314788104264,
    "total_position_value": 1053.6857157423728,
    "total_value": 10214.000503846637,
    "realized_profit": 170.78930085057368,
    "unrealized_profit": 43.211202996063804,
    "total_profit": 214.000503846637,
    "profit_pct": 2.14000503846637,
    "transaction_fee_total": 355.29396852659943,
    "total_trades": 90.0,
    "sharpe": 0.52687925144511,
    "max_drawdown": 0.05736954743887671,
    "max_drawdown_pct": 5.736954743887671
  }
}