{
  "best_params": {
    "fast_window": 39,
    "slow_window": 80,
    "atr_multiplier": 2.0
  },
  "best_value": -2.3211729287198515,
  "Best Params Stats": {
    "cash": 1383.4937646734536,
    "total_position_value": 10702.802768034768,
    "total_value": 12086.296532708222,
    "realized_profit": 1441.6676546412627,
    "unrealized_profit": 644.6288780669677,
    "total_profit": 2086.296532708222,
    "profit_pct": 20.862965327082218,
    "transaction_fee_total": 350.29278622573264,
    "total_trades": 87.0,
    "sharpe": 1.547372283234965,
    "max_drawdown": 0.13930867484874476,
    "max_drawdown_pct": 13.930867484874476
  }
}