{
  "best_params": {
    "fast_window": 48,
    "slow_window": 98,
    "atr_multiplier": 1.5
  },
  "best_value": 0.24785044410882134,
  "Best Params Stats": {
    "cash": 4932.542739408525,
    "total_position_value": 6689.6203632362085,
    "total_value": 11622.163102644734,
    "realized_profit": 1280.3718222712969,
    "unrealized_profit": 341.7912803734449,
    "total_profit": 1622.163102644734,
    "profit_pct": 16.22163102644734,
    "transaction_fee_total": 226.97614202319406,
    "total_trades": 57.0,
    "sharpe": 2.694201627978493,
    "max_drawdown": 0.05979488181886535,
    "max_drawdown_pct": 5.979488181886535
  }
}