{
  "best_params": {
    "fast_window": 48,
    "slow_window": 98,
    "atr_multiplier": 1.4375
  },
  "best_value": -2.0034287318149793,
  "Best Params Stats": {
    "cash": 11096.023891694073,
    "total_position_value": 532.8146452606188,
    "total_value": 11628.838536954692,
    "realized_profit": 1705.8725892422485,
    "unrealized_profit": -77.03405228755419,
    "total_profit": 1628.8385369546922,
    "profit_pct": 16.288385369546923,
    "transaction_fee_total": 374.3414082219265,
    "total_trades": 83.0,
    "sharpe": 1.9786176723599218,
    "max_drawdown": 0.07781616097781813,
    "max_drawdown_pct": 7.7816160977818125
  }
}