{
  "best_params": {
    "fast_window": 37,
    "slow_window": 80,
    "atr_multiplier": 2.0
  },
  "best_value": -7.278090072047645,
  "Best Params Stats": {
    "cash": 6430.128846912665,
    "total_position_value": 3112.217248439871,
    "total_value": 9542.346095352535,
    "realized_profit": -651.597482991164,
    "unrealized_profit": 193.94357834370615,
    "total_profit": -457.6539046474645,
    "profit_pct": -4.576539046474645,
    "transaction_fee_total": 484.098609187206,
    "total_trades": 128.0,
    "sharpe": -2.140341358627566,
    "max_drawdown": 0.08438131077400922,
    "max_drawdown_pct": 8.438131077400921
  }
}