{
  "best_params": {
    "fast_window": 39,
    "slow_window": 75,
    "atr_multiplier": 1.625
  },
  "best_value": -2.0398654077248883,
  "Best Params Stats": {
    "cash": 6607.353713405553,
    "total_position_value": 2966.541897695459,
    "total_value": 9573.895611101012,
    "realized_profit": -455.82784863657184,
    "unrealized_profit": 29.723459737578146,
    "total_profit": -426.10438889898796,
    "profit_pct": -4.26104388898988,
    "transaction_fee_total": 632.2809357782558,
    "total_trades": 165.0,
    "sharpe": -2.0398654077248883,
    "max_drawdown": 0.07765530395497958,
    "max_drawdown_pct": 7.765530395497958
  }
}