{
  "best_params": {
    "fast_window": 38,
    "slow_window": 64,
    "atr_multiplier": 0.5
  },
  "best_value": -6.497109524693486,
  "Best Params Stats": {
    "cash": 9161.327776886155,
    "total_position_value": 492.4722095665052,
    "total_value": 9653.799986452661,
    "realized_profit": -354.27438402292677,
    "unrealized_profit": 8.074370475591177,
    "total_profit": -346.20001354733904,
    "profit_pct": -3.4620001354733905,
    "transaction_fee_total": 320.75128087102826,
    "total_trades": 82.0,
    "sharpe": -3.122711390458265,
    "max_drawdown": 0.04244266276246935,
    "max_drawdown_pct": 4.244266276246935
  }
}