{
  "best_params": {
    "fast_window": 18,
    "slow_window": 79,
    "atr_multiplier": 1.875
  },
  "best_value": 1.4761914661850941,
  "Best Params Stats": {
    "cash": 2039.0371133187637,
    "total_position_value": 9905.074932512218,
    "total_value": 11944.112045830982,
    "realized_profit": 1274.0417259288702,
    "unrealized_profit": 670.0703199021101,
    "total_profit": 1944.1120458309815,
    "profit_pct": 19.441120458309815,
    "transaction_fee_total": 537.1015023594957,
    "total_trades": 132.0,
    "sharpe": 1.4761914661850941
  }
}