{
  "best_params": {
    "fast_window": 38,
    "slow_window": 76,
    "atr_multiplier": 1.9375
  },
  "best_value": -6.046629661475771,
  "Best Params Stats": {
    "cash": 7513.197711990838,
    "total_position_value": 2102.508457062209,
    "total_value": 9615.706169053046,
    "realized_profit": -531.9332445127532,
    "unrealized_profit": 147.6394135657999,
    "total_profit": -384.2938309469537,
    "profit_pct": -3.842938309469537,
    "transaction_fee_total": 279.5905053025555,
    "total_trades": 74.0,
    "sharpe": -3.0654640506233894,
    "max_drawdown": 0.055630278913413614,
    "max_drawdown_pct": 5.5630278913413616
  }
}